index,level,interaction,composite
0,hardest,TRUE,TRUE
1,hardest,TRUE,TRUE
2,hardest,TRUE,TRUE
3,hardest,FALSE,TRUE
4,hardest,TRUE,TRUE
5,hardest,TRUE,FALSE
6,hardest,FALSE,TRUE
7,hardest,TRUE,TRUE
8,hardest,TRUE,TRUE
9,hardest,TRUE,TRUE
10,hardest,TRUE,TRUE
11,medium,TRUE,FALSE
12,medium,FALSE,FALSE
13,hardest,FALSE,FALSE
14,hard,FALSE,FALSE
15,hardest,TRUE,TRUE
16,hardest,TRUE,TRUE
17,easy,FALSE,FALSE
18,hardest,FALSE,TRUE
19,medium,TRUE,FALSE
20,hardest,TRUE,TRUE
21,hardest,FALSE,TRUE
22,hard,TRUE,TRUE
23,hardest,TRUE,TRUE
24,hard,TRUE,TRUE
25,hardest,FALSE,TRUE
26,hardest,FALSE,TRUE
27,hardest,TRUE,TRUE
28,easy,FALSE,FALSE
29,hard,TRUE,TRUE
30,hard,FALSE,FALSE
31,hardest,FALSE,FALSE
32,medium,TRUE,FALSE
33,hardest,FALSE,TRUE
34,medium,TRUE,FALSE
35,hard,TRUE,FALSE
36,hard,FALSE,TRUE
37,easy,FALSE,FALSE
38,hardest,TRUE,TRUE
39,hardest,FALSE,TRUE
40,hardest,TRUE,TRUE
41,hardest,TRUE,TRUE
42,hardest,FALSE,FALSE
43,hard,FALSE,FALSE
44,hardest,FALSE,TRUE
45,hardest,FALSE,FALSE
46,medium,FALSE,FALSE
47,easy,TRUE,FALSE
48,hardest,FALSE,TRUE
49,hard,TRUE,TRUE
50,hardest,TRUE,FALSE
51,hardest,TRUE,TRUE
52,medium,FALSE,FALSE
53,medium,FALSE,FALSE
54,hardest,TRUE,TRUE
55,hardest,TRUE,FALSE
56,hardest,FALSE,TRUE
57,hardest,TRUE,TRUE
58,hard,TRUE,FALSE
59,hardest,TRUE,FALSE
60,hardest,TRUE,TRUE
61,hard,TRUE,FALSE
62,medium,TRUE,FALSE
63,hard,TRUE,FALSE
64,medium,TRUE,FALSE
65,hard,TRUE,FALSE
66,hardest,TRUE,TRUE
67,hardest,FALSE,TRUE
68,hard,FALSE,TRUE
69,hard,TRUE,FALSE
70,hardest,TRUE,TRUE
71,hardest,TRUE,FALSE
72,hardest,TRUE,TRUE
73,hard,TRUE,FALSE
74,hardest,FALSE,TRUE
75,hard,TRUE,FALSE
76,hardest,FALSE,TRUE
77,hard,TRUE,TRUE
78,hardest,TRUE,TRUE
79,hardest,TRUE,TRUE
80,hard,TRUE,TRUE
81,hardest,TRUE,TRUE
82,hardest,FALSE,TRUE
83,hardest,TRUE,TRUE
84,hard,FALSE,FALSE
85,hardest,TRUE,FALSE
86,hardest,TRUE,TRUE
87,hardest,FALSE,TRUE
88,hardest,FALSE,TRUE
89,hardest,TRUE,TRUE
90,medium,FALSE,FALSE
91,hard,FALSE,FALSE
92,medium,FALSE,TRUE
93,medium,TRUE,FALSE
94,hardest,TRUE,TRUE
95,hard,TRUE,TRUE
96,hard,TRUE,FALSE
97,hard,FALSE,FALSE
98,hard,FALSE,FALSE
99,hardest,TRUE,FALSE
100,hardest,TRUE,TRUE
101,hard,TRUE,FALSE
102,hardest,FALSE,TRUE
103,hardest,FALSE,FALSE
104,hard,TRUE,FALSE
105,hardest,FALSE,TRUE
106,hardest,FALSE,TRUE
107,hardest,TRUE,FALSE
108,medium,TRUE,FALSE
109,hard,FALSE,TRUE
110,hardest,TRUE,TRUE
111,hardest,TRUE,FALSE
112,hard,TRUE,FALSE
113,hard,FALSE,FALSE
114,hardest,FALSE,TRUE
115,hardest,FALSE,TRUE
116,hard,TRUE,FALSE
117,hard,FALSE,FALSE
118,hardest,TRUE,FALSE
119,hard,FALSE,FALSE
120,hard,TRUE,TRUE
121,hardest,TRUE,TRUE
122,hard,TRUE,FALSE
123,hard,TRUE,FALSE
124,hardest,TRUE,TRUE
125,hardest,TRUE,TRUE
126,hard,TRUE,FALSE
127,hardest,TRUE,TRUE
128,hardest,TRUE,TRUE
129,hardest,TRUE,TRUE
130,hardest,TRUE,TRUE
131,hardest,TRUE,TRUE
132,hard,TRUE,FALSE
133,hard,FALSE,TRUE
134,hardest,TRUE,TRUE
135,hard,TRUE,FALSE
136,hardest,TRUE,FALSE
137,hardest,FALSE,FALSE
138,hard,TRUE,FALSE
139,hardest,TRUE,TRUE
140,medium,TRUE,FALSE
141,hard,TRUE,FALSE
142,hardest,FALSE,TRUE
143,hard,FALSE,FALSE
144,hardest,TRUE,FALSE
145,hardest,TRUE,FALSE
146,hard,TRUE,TRUE
147,hardest,TRUE,TRUE
148,hardest,FALSE,TRUE
149,hard,FALSE,TRUE
150,hard,TRUE,FALSE
151,hard,FALSE,FALSE
152,hardest,TRUE,FALSE
153,hardest,TRUE,FALSE
154,hard,TRUE,FALSE
155,hardest,FALSE,TRUE
156,hardest,TRUE,TRUE
157,hard,TRUE,FALSE
158,hardest,FALSE,TRUE
159,hardest,FALSE,TRUE
160,medium,FALSE,FALSE
161,hardest,FALSE,TRUE
162,hardest,TRUE,TRUE
163,hard,TRUE,FALSE
164,hardest,FALSE,TRUE
165,hardest,TRUE,TRUE
166,hardest,TRUE,TRUE
167,hardest,TRUE,TRUE
168,hardest,FALSE,TRUE
169,hardest,TRUE,TRUE
170,hard,TRUE,TRUE
171,hardest,TRUE,TRUE
172,hardest,FALSE,TRUE
173,hardest,FALSE,TRUE
174,hardest,FALSE,TRUE
175,hardest,TRUE,TRUE
176,hardest,TRUE,TRUE
177,easy,FALSE,FALSE
178,hardest,FALSE,TRUE
179,hardest,FALSE,FALSE
180,hardest,TRUE,TRUE
181,hardest,TRUE,FALSE
182,hard,TRUE,FALSE
183,hardest,TRUE,FALSE
184,hard,TRUE,FALSE
185,hardest,TRUE,TRUE
186,hard,TRUE,FALSE
187,hardest,TRUE,TRUE
188,hardest,TRUE,TRUE
189,hard,TRUE,FALSE
190,hard,FALSE,FALSE
191,hardest,FALSE,FALSE
192,hardest,FALSE,TRUE
193,hardest,TRUE,FALSE
194,hard,TRUE,FALSE
195,medium,TRUE,FALSE
196,hardest,FALSE,TRUE
197,hard,TRUE,FALSE
198,hard,FALSE,FALSE
199,hardest,TRUE,FALSE
200,medium,TRUE,FALSE
201,hardest,TRUE,FALSE
202,medium,TRUE,FALSE
203,hardest,TRUE,FALSE
204,hardest,TRUE,TRUE
205,hardest,FALSE,TRUE
206,hardest,FALSE,TRUE
207,hard,FALSE,TRUE
208,medium,TRUE,FALSE
209,hardest,TRUE,FALSE
210,hard,FALSE,TRUE
211,hardest,TRUE,TRUE
212,hardest,FALSE,TRUE
213,hardest,TRUE,FALSE
214,hardest,TRUE,FALSE
215,hardest,TRUE,TRUE
216,hardest,TRUE,FALSE
217,hard,TRUE,FALSE
218,hard,TRUE,FALSE
219,hard,FALSE,FALSE
220,hard,FALSE,FALSE
221,hard,FALSE,FALSE
222,hardest,TRUE,TRUE
223,hardest,TRUE,TRUE
224,hardest,TRUE,TRUE
225,hardest,TRUE,TRUE
226,hard,TRUE,FALSE
227,hardest,TRUE,TRUE
228,easy,TRUE,FALSE
229,hard,TRUE,FALSE
230,hard,TRUE,FALSE
231,hardest,TRUE,FALSE
232,hardest,TRUE,FALSE
233,hard,TRUE,FALSE
234,hard,TRUE,FALSE
235,medium,FALSE,FALSE
236,hardest,TRUE,FALSE
237,hardest,TRUE,FALSE
238,hardest,TRUE,FALSE
239,hardest,TRUE,FALSE
240,hard,TRUE,FALSE
241,hard,TRUE,FALSE
242,hard,TRUE,FALSE
243,hard,FALSE,FALSE
244,hard,FALSE,FALSE
245,hard,TRUE,FALSE
246,hardest,TRUE,FALSE
247,hardest,TRUE,FALSE
248,hard,FALSE,FALSE
249,hard,FALSE,FALSE
250,hardest,TRUE,FALSE
251,hard,TRUE,FALSE
252,hard,TRUE,FALSE
253,hard,TRUE,FALSE
254,hardest,TRUE,FALSE
255,hardest,TRUE,FALSE
256,hardest,TRUE,TRUE
257,hardest,TRUE,FALSE
258,hard,FALSE,FALSE
259,hard,TRUE,TRUE
260,hard,FALSE,FALSE
261,hard,TRUE,FALSE
262,medium,FALSE,FALSE
263,hardest,TRUE,TRUE
264,hardest,TRUE,TRUE
265,medium,FALSE,FALSE
266,easy,TRUE,FALSE
267,medium,TRUE,FALSE
268,hard,TRUE,FALSE
269,hardest,TRUE,TRUE
270,hardest,TRUE,TRUE
271,hardest,TRUE,TRUE
272,hardest,TRUE,TRUE
273,hardest,TRUE,TRUE
274,hardest,TRUE,TRUE
275,hardest,TRUE,TRUE
276,hardest,TRUE,TRUE
277,hardest,TRUE,TRUE
278,hardest,TRUE,FALSE
279,hardest,TRUE,TRUE
280,hardest,TRUE,TRUE
281,hardest,TRUE,TRUE
282,hard,TRUE,TRUE
283,medium,FALSE,FALSE
284,hardest,TRUE,FALSE
285,hardest,TRUE,FALSE
286,hardest,TRUE,FALSE
287,hard,FALSE,FALSE
288,hardest,TRUE,TRUE
289,hardest,TRUE,TRUE
290,hardest,TRUE,TRUE
291,hardest,TRUE,FALSE
292,hard,FALSE,FALSE
293,hard,FALSE,FALSE
294,hard,FALSE,FALSE
295,hard,FALSE,FALSE
296,hard,FALSE,FALSE
297,hard,FALSE,FALSE
298,easy,FALSE,FALSE
299,medium,FALSE,FALSE
300,hard,FALSE,FALSE
301,medium,FALSE,FALSE
302,medium,FALSE,FALSE
303,hardest,TRUE,FALSE
304,hard,FALSE,FALSE
305,hardest,TRUE,TRUE
306,hard,TRUE,FALSE
307,hard,FALSE,FALSE
308,hard,FALSE,FALSE
309,hard,FALSE,FALSE
310,hardest,TRUE,TRUE
311,hardest,TRUE,TRUE
312,hard,FALSE,FALSE
313,hardest,FALSE,TRUE
314,hard,FALSE,FALSE
315,hard,FALSE,FALSE
316,hard,FALSE,FALSE
317,hard,FALSE,FALSE
318,hard,FALSE,FALSE
319,hard,FALSE,FALSE
320,hard,FALSE,FALSE
321,hard,FALSE,FALSE
322,hard,FALSE,FALSE
323,hard,FALSE,FALSE
324,hardest,TRUE,TRUE
325,hardest,TRUE,TRUE
326,hard,FALSE,FALSE
327,hard,FALSE,FALSE
328,hard,TRUE,FALSE
329,hard,FALSE,FALSE
330,hard,FALSE,FALSE
331,hard,TRUE,FALSE
332,hard,FALSE,FALSE
333,hardest,TRUE,FALSE
334,hardest,TRUE,FALSE
335,easy,FALSE,FALSE
336,medium,FALSE,FALSE
337,hard,FALSE,FALSE
338,hard,FALSE,FALSE
339,hard,FALSE,FALSE
340,hard,FALSE,FALSE
341,hard,FALSE,FALSE
342,hardest,TRUE,TRUE
343,hard,FALSE,FALSE
344,hardest,TRUE,FALSE
345,hardest,TRUE,FALSE
346,hardest,TRUE,FALSE
347,hardest,FALSE,TRUE
348,hardest,TRUE,TRUE
349,hardest,TRUE,TRUE
350,hardest,FALSE,FALSE
351,hardest,TRUE,TRUE
352,hardest,FALSE,TRUE
353,hardest,TRUE,TRUE
354,hardest,TRUE,TRUE
355,hardest,TRUE,TRUE
356,hardest,TRUE,TRUE
357,hardest,TRUE,TRUE
358,hardest,TRUE,FALSE
359,hardest,FALSE,FALSE
360,hard,FALSE,FALSE
361,hard,FALSE,FALSE
362,hard,FALSE,FALSE
363,hard,FALSE,FALSE
364,hard,FALSE,FALSE
365,hard,FALSE,FALSE
366,hardest,TRUE,FALSE
367,hardest,TRUE,FALSE
368,hard,FALSE,FALSE
369,hard,FALSE,FALSE
370,hardest,TRUE,FALSE
371,hardest,FALSE,FALSE
372,hardest,FALSE,TRUE
373,hard,FALSE,TRUE
374,hardest,TRUE,TRUE
375,hardest,TRUE,TRUE
376,hardest,TRUE,TRUE
377,hard,FALSE,FALSE
378,hard,FALSE,FALSE
379,hardest,TRUE,TRUE
380,hardest,TRUE,TRUE
381,hardest,TRUE,TRUE
382,hardest,TRUE,TRUE
383,hardest,TRUE,TRUE
384,hardest,FALSE,TRUE
385,hard,FALSE,TRUE
386,hardest,TRUE,TRUE
387,hardest,FALSE,TRUE
388,hard,FALSE,FALSE
389,hardest,FALSE,TRUE
390,hardest,FALSE,TRUE
391,hard,FALSE,TRUE
392,hard,FALSE,FALSE
393,hard,FALSE,FALSE
394,hardest,FALSE,FALSE
395,hardest,FALSE,TRUE
396,hard,FALSE,FALSE
397,hard,FALSE,FALSE
398,hardest,TRUE,TRUE
399,hardest,FALSE,TRUE
400,hardest,FALSE,FALSE
401,hardest,FALSE,FALSE
402,hardest,FALSE,TRUE
403,hardest,FALSE,TRUE
404,hardest,FALSE,TRUE
405,hardest,FALSE,TRUE
406,hardest,FALSE,FALSE
407,hardest,FALSE,FALSE
408,hardest,FALSE,TRUE
409,hardest,FALSE,TRUE
410,hardest,FALSE,TRUE
411,hard,FALSE,FALSE
412,hardest,FALSE,TRUE
413,hardest,FALSE,TRUE
414,hardest,FALSE,TRUE
415,hard,FALSE,FALSE
416,hardest,FALSE,FALSE
417,hardest,TRUE,TRUE
418,hardest,TRUE,FALSE
419,hardest,FALSE,FALSE
420,hardest,TRUE,FALSE
421,hardest,TRUE,FALSE
422,hardest,TRUE,FALSE
423,hardest,TRUE,FALSE
424,hardest,TRUE,FALSE
425,hardest,TRUE,FALSE
426,hard,FALSE,FALSE
427,hardest,TRUE,FALSE
428,hardest,TRUE,FALSE
429,hardest,TRUE,FALSE
430,hard,TRUE,FALSE
431,hardest,FALSE,TRUE
432,hardest,FALSE,TRUE
433,hardest,FALSE,TRUE
434,hardest,FALSE,TRUE
435,hardest,TRUE,TRUE
436,hardest,TRUE,FALSE
437,hardest,TRUE,FALSE
438,hardest,TRUE,TRUE
439,hardest,TRUE,FALSE
440,hardest,TRUE,FALSE
441,hardest,TRUE,FALSE
442,hardest,TRUE,TRUE
443,hard,TRUE,FALSE
444,hardest,FALSE,TRUE
445,hardest,FALSE,TRUE
446,hardest,FALSE,TRUE
447,hardest,TRUE,FALSE
448,hardest,TRUE,TRUE
449,hardest,TRUE,TRUE
450,hardest,TRUE,FALSE
451,hardest,FALSE,TRUE
452,hardest,FALSE,TRUE
453,hardest,FALSE,FALSE
454,hard,FALSE,FALSE
455,hardest,FALSE,FALSE
456,hardest,TRUE,TRUE
457,hardest,FALSE,TRUE
458,hardest,TRUE,TRUE
459,hardest,TRUE,FALSE
460,hardest,TRUE,FALSE
461,hardest,TRUE,FALSE
462,hardest,TRUE,TRUE
463,hardest,TRUE,TRUE
464,hardest,TRUE,TRUE
465,hardest,TRUE,TRUE
466,hardest,TRUE,FALSE
467,hardest,TRUE,FALSE
468,hardest,TRUE,FALSE
469,hardest,TRUE,FALSE
470,hardest,TRUE,FALSE
471,hardest,TRUE,FALSE
472,hardest,TRUE,FALSE
473,hardest,TRUE,FALSE
474,hardest,TRUE,FALSE
475,hardest,TRUE,FALSE
476,hardest,TRUE,FALSE
477,hardest,TRUE,FALSE
478,hardest,TRUE,FALSE
479,hardest,TRUE,FALSE
480,hardest,TRUE,FALSE
481,hardest,TRUE,FALSE
482,hardest,TRUE,FALSE
483,hardest,TRUE,FALSE
484,hardest,TRUE,FALSE
485,hardest,TRUE,FALSE
486,hardest,TRUE,FALSE
487,hardest,TRUE,FALSE
488,hardest,TRUE,FALSE
489,hardest,TRUE,FALSE
490,hardest,FALSE,TRUE
491,hardest,TRUE,TRUE
492,hardest,TRUE,FALSE
493,hard,TRUE,FALSE
494,hardest,TRUE,FALSE
495,hard,FALSE,FALSE
496,hardest,TRUE,FALSE
497,hardest,TRUE,FALSE
498,hardest,TRUE,TRUE
499,hardest,TRUE,FALSE
500,hardest,TRUE,TRUE
501,hardest,TRUE,FALSE
502,hardest,TRUE,FALSE
503,hardest,TRUE,FALSE
504,hardest,TRUE,TRUE
505,hardest,TRUE,TRUE
506,hardest,TRUE,TRUE
507,hard,FALSE,FALSE
508,hardest,TRUE,FALSE
509,hardest,TRUE,FALSE
510,hard,FALSE,FALSE
511,hardest,TRUE,FALSE
512,hardest,TRUE,FALSE
513,hardest,FALSE,FALSE
514,hard,FALSE,FALSE
515,hard,FALSE,FALSE
516,hardest,TRUE,TRUE
517,hardest,FALSE,TRUE
518,hardest,FALSE,TRUE
519,hard,FALSE,FALSE
520,hardest,TRUE,FALSE
521,hardest,TRUE,FALSE
522,hard,FALSE,TRUE
523,hardest,FALSE,TRUE
524,hard,FALSE,FALSE
525,hardest,FALSE,TRUE
526,hard,FALSE,FALSE
527,hard,FALSE,FALSE
528,hard,FALSE,FALSE
529,hardest,TRUE,FALSE
530,hard,FALSE,FALSE
531,hardest,FALSE,FALSE
532,hardest,TRUE,FALSE
533,hard,FALSE,TRUE
534,hard,FALSE,FALSE
535,hardest,FALSE,TRUE
536,hardest,FALSE,TRUE
537,hardest,TRUE,FALSE
538,hardest,FALSE,TRUE
539,hard,TRUE,FALSE
540,hardest,TRUE,FALSE
541,hardest,TRUE,FALSE
542,hard,TRUE,FALSE
543,hard,TRUE,FALSE
544,hard,TRUE,FALSE
545,hardest,TRUE,FALSE
546,hardest,TRUE,FALSE
547,hardest,FALSE,FALSE
548,hardest,TRUE,FALSE
549,hard,FALSE,TRUE
550,hardest,TRUE,TRUE
551,hardest,TRUE,FALSE
552,hardest,TRUE,FALSE
553,hardest,TRUE,FALSE
554,hardest,TRUE,FALSE
555,hardest,FALSE,TRUE
556,hard,FALSE,FALSE
557,hard,FALSE,TRUE
558,hardest,TRUE,FALSE
559,hard,TRUE,FALSE
560,hard,FALSE,FALSE
561,hardest,TRUE,FALSE
562,hardest,TRUE,FALSE
563,hard,TRUE,FALSE
564,hardest,TRUE,FALSE
565,hardest,FALSE,FALSE
566,hardest,FALSE,FALSE
567,hardest,TRUE,FALSE
568,hardest,TRUE,TRUE
569,hardest,TRUE,TRUE
570,hardest,FALSE,FALSE
571,hardest,TRUE,TRUE
572,hardest,TRUE,TRUE
573,hardest,TRUE,TRUE
574,hardest,TRUE,TRUE
575,hardest,TRUE,FALSE
576,hardest,FALSE,TRUE
577,hardest,FALSE,FALSE
578,hard,FALSE,FALSE
579,hardest,FALSE,TRUE
580,hardest,FALSE,TRUE
581,hard,FALSE,TRUE
582,hard,FALSE,FALSE
583,hardest,FALSE,FALSE
584,hardest,FALSE,FALSE
585,hardest,FALSE,TRUE
586,hard,FALSE,FALSE
587,hard,FALSE,FALSE
588,hard,FALSE,TRUE
589,hard,FALSE,TRUE
590,hard,FALSE,FALSE
591,hard,FALSE,FALSE
592,hard,FALSE,FALSE
593,hardest,TRUE,FALSE
594,hardest,TRUE,FALSE
595,hardest,TRUE,TRUE
596,hardest,TRUE,FALSE
597,hardest,TRUE,FALSE
598,hardest,TRUE,TRUE
599,hardest,TRUE,FALSE
600,hardest,TRUE,TRUE
601,hardest,TRUE,TRUE
602,hardest,TRUE,TRUE
603,hardest,TRUE,FALSE
604,hard,FALSE,TRUE
605,medium,FALSE,FALSE
606,hard,FALSE,FALSE
607,hardest,TRUE,TRUE
608,hard,FALSE,FALSE
609,hard,FALSE,FALSE
610,hardest,FALSE,TRUE
611,hardest,TRUE,FALSE
612,hardest,TRUE,FALSE
613,hard,TRUE,FALSE
614,hard,TRUE,FALSE
615,hard,FALSE,FALSE
616,hardest,FALSE,TRUE
617,hardest,FALSE,TRUE
618,hardest,FALSE,TRUE
619,hardest,FALSE,TRUE
620,hardest,FALSE,TRUE
621,hardest,FALSE,TRUE
622,hardest,FALSE,TRUE
623,hardest,FALSE,TRUE
624,hardest,FALSE,TRUE
625,hardest,FALSE,TRUE
626,hardest,FALSE,TRUE
627,hard,FALSE,TRUE
628,hardest,FALSE,TRUE
629,hard,FALSE,TRUE
630,hardest,FALSE,TRUE
631,hard,FALSE,FALSE
632,hard,FALSE,TRUE
633,hard,FALSE,FALSE
634,hard,FALSE,FALSE
635,hard,FALSE,FALSE
636,hardest,TRUE,FALSE
637,hardest,TRUE,FALSE
638,hardest,FALSE,TRUE
639,hard,TRUE,FALSE
640,hardest,TRUE,FALSE
641,hardest,TRUE,FALSE
642,hardest,TRUE,FALSE
643,hardest,TRUE,FALSE
644,hardest,TRUE,FALSE
645,hardest,TRUE,FALSE
646,hardest,TRUE,FALSE
647,hard,FALSE,FALSE
648,hard,TRUE,FALSE
649,hard,FALSE,FALSE
650,hardest,TRUE,TRUE
651,hardest,FALSE,FALSE
652,hardest,TRUE,FALSE
653,hardest,TRUE,FALSE
654,hardest,TRUE,FALSE
655,hard,FALSE,FALSE
656,hard,FALSE,FALSE
657,medium,FALSE,FALSE
658,hardest,TRUE,TRUE
659,hard,FALSE,FALSE
660,hardest,FALSE,TRUE
661,hard,FALSE,FALSE
662,hardest,TRUE,TRUE
663,hard,TRUE,FALSE
664,hard,FALSE,FALSE
665,hardest,TRUE,TRUE
666,hardest,TRUE,FALSE
667,hardest,TRUE,FALSE
668,hard,FALSE,FALSE
669,hard,FALSE,TRUE
670,hardest,TRUE,FALSE
671,hard,FALSE,TRUE
672,hardest,TRUE,TRUE
673,hardest,TRUE,FALSE
674,hardest,FALSE,FALSE
675,hardest,FALSE,FALSE
676,hardest,FALSE,FALSE
677,hardest,FALSE,FALSE
678,hardest,TRUE,FALSE
679,hardest,FALSE,TRUE
680,hard,TRUE,FALSE
681,hardest,TRUE,FALSE
682,hardest,TRUE,TRUE
683,hardest,TRUE,TRUE
684,hardest,FALSE,TRUE
685,medium,FALSE,FALSE
686,hardest,FALSE,TRUE
687,hardest,TRUE,FALSE
688,hardest,TRUE,TRUE
689,hardest,TRUE,FALSE
690,hardest,TRUE,TRUE
691,hardest,TRUE,TRUE
692,hardest,TRUE,TRUE
693,hardest,TRUE,TRUE
694,hardest,TRUE,TRUE
695,hard,TRUE,TRUE
696,hardest,TRUE,TRUE
697,hard,TRUE,TRUE
698,hard,TRUE,TRUE
699,hard,TRUE,TRUE
700,hardest,TRUE,TRUE
701,hard,FALSE,FALSE
702,hardest,FALSE,TRUE
703,hard,FALSE,FALSE
704,hard,TRUE,FALSE
705,hard,TRUE,FALSE
706,hard,FALSE,FALSE
707,hard,FALSE,FALSE
708,hard,FALSE,FALSE
709,hard,TRUE,FALSE
710,hardest,TRUE,TRUE
711,hard,TRUE,FALSE
712,hardest,FALSE,TRUE
713,hard,FALSE,TRUE
714,hard,TRUE,FALSE
715,hard,FALSE,FALSE
716,hard,FALSE,FALSE
717,hardest,TRUE,TRUE
718,hard,TRUE,FALSE
719,hard,TRUE,FALSE
720,hardest,TRUE,TRUE
721,hardest,TRUE,TRUE
722,hardest,TRUE,TRUE
723,hard,FALSE,FALSE
724,hard,TRUE,FALSE
725,hard,FALSE,FALSE
726,hard,FALSE,FALSE
727,hard,FALSE,FALSE
728,hard,FALSE,FALSE
729,hardest,TRUE,FALSE
730,hardest,TRUE,TRUE
731,hardest,TRUE,TRUE
732,hardest,TRUE,TRUE
733,hardest,TRUE,TRUE
734,hardest,TRUE,TRUE
735,hard,FALSE,FALSE
736,medium,TRUE,FALSE
737,hard,TRUE,FALSE
738,hard,TRUE,FALSE
739,hard,TRUE,FALSE
740,hard,TRUE,FALSE
741,hard,TRUE,FALSE
742,hard,TRUE,FALSE
743,hardest,TRUE,TRUE
744,hardest,TRUE,TRUE
745,hard,FALSE,FALSE
746,hardest,TRUE,TRUE
747,hard,FALSE,FALSE
748,hard,FALSE,FALSE
749,hard,FALSE,FALSE
750,hardest,TRUE,FALSE
751,hard,FALSE,FALSE
752,hard,FALSE,FALSE
753,hardest,TRUE,TRUE
754,hard,FALSE,FALSE
755,hardest,TRUE,TRUE
756,hard,FALSE,TRUE
757,hardest,TRUE,FALSE
758,hardest,TRUE,TRUE
759,hardest,TRUE,TRUE
760,hardest,TRUE,FALSE
761,hardest,TRUE,TRUE
762,hard,TRUE,FALSE
763,hard,TRUE,FALSE
764,hard,FALSE,FALSE
765,hard,FALSE,FALSE
766,hardest,TRUE,TRUE
767,hard,TRUE,FALSE
768,hardest,TRUE,TRUE
769,hardest,TRUE,TRUE
770,hardest,TRUE,TRUE
771,hard,FALSE,FALSE
772,hardest,TRUE,FALSE
773,hardest,TRUE,TRUE
774,hard,FALSE,TRUE
775,hardest,TRUE,FALSE
776,hardest,TRUE,FALSE
777,hardest,TRUE,FALSE
778,hardest,TRUE,TRUE
779,hardest,TRUE,TRUE
780,hardest,TRUE,TRUE
781,hardest,TRUE,FALSE
782,easy,FALSE,FALSE
783,hardest,TRUE,FALSE
784,hardest,TRUE,FALSE
785,hardest,TRUE,TRUE
786,hardest,TRUE,TRUE
787,hard,FALSE,FALSE
788,hard,FALSE,FALSE
789,hardest,TRUE,FALSE
790,medium,FALSE,FALSE
791,easy,FALSE,FALSE
792,hardest,TRUE,FALSE
793,hardest,FALSE,FALSE
794,hardest,FALSE,FALSE
795,hard,FALSE,FALSE
796,hard,FALSE,FALSE
797,hardest,TRUE,FALSE
798,hardest,TRUE,FALSE
799,hardest,TRUE,FALSE
800,hardest,TRUE,TRUE
801,hard,TRUE,FALSE
802,hard,TRUE,FALSE
803,hard,TRUE,FALSE
804,hard,TRUE,FALSE
805,hard,TRUE,FALSE
806,hardest,TRUE,TRUE
807,hard,TRUE,TRUE
808,hard,FALSE,FALSE
809,hard,FALSE,FALSE
810,hardest,TRUE,TRUE
811,hardest,TRUE,FALSE
812,hardest,TRUE,FALSE
813,hard,TRUE,FALSE
814,hardest,TRUE,FALSE
815,hard,TRUE,FALSE
816,hardest,TRUE,TRUE
817,hardest,TRUE,TRUE
818,hardest,TRUE,FALSE
819,hardest,TRUE,FALSE
820,hardest,TRUE,TRUE
821,hard,FALSE,FALSE
822,hard,FALSE,FALSE
823,hardest,TRUE,FALSE
824,hardest,TRUE,FALSE
825,hardest,TRUE,FALSE
826,hard,TRUE,FALSE
827,hard,TRUE,FALSE
828,hard,TRUE,FALSE
829,hard,FALSE,FALSE
830,hard,TRUE,FALSE
831,hard,FALSE,FALSE
832,hard,FALSE,FALSE
833,hard,FALSE,FALSE
834,hardest,FALSE,FALSE
835,hardest,TRUE,FALSE
836,hard,FALSE,FALSE
837,hard,FALSE,FALSE
838,hard,FALSE,FALSE
839,hard,FALSE,FALSE
840,hard,FALSE,FALSE
841,hard,FALSE,FALSE
842,hard,FALSE,FALSE
843,hard,FALSE,FALSE
844,hard,FALSE,FALSE
845,hardest,TRUE,TRUE
846,hard,FALSE,TRUE
847,hard,FALSE,TRUE
848,hard,FALSE,FALSE
849,hard,FALSE,FALSE
850,hard,FALSE,FALSE
851,hardest,FALSE,TRUE
852,hardest,TRUE,FALSE
853,hard,FALSE,FALSE
854,hard,FALSE,FALSE
855,hard,FALSE,FALSE
856,hard,FALSE,FALSE
857,hardest,TRUE,FALSE
858,hard,TRUE,FALSE
859,hard,FALSE,TRUE
860,hard,FALSE,TRUE
861,hard,FALSE,FALSE
862,hard,FALSE,FALSE
863,hard,FALSE,FALSE
864,hard,FALSE,FALSE
865,hard,FALSE,FALSE
866,hard,FALSE,FALSE
867,hardest,FALSE,TRUE
868,hard,FALSE,FALSE
869,hard,FALSE,FALSE
870,hard,FALSE,FALSE
871,hardest,TRUE,TRUE
872,hard,TRUE,FALSE
873,hardest,TRUE,FALSE
874,medium,FALSE,FALSE
875,hard,TRUE,FALSE
876,hard,TRUE,FALSE
877,medium,FALSE,FALSE
878,hardest,TRUE,FALSE
879,hard,TRUE,FALSE
880,hardest,TRUE,TRUE
881,hardest,TRUE,TRUE
882,hardest,TRUE,TRUE
883,hardest,TRUE,TRUE
884,hardest,TRUE,TRUE
885,hard,FALSE,FALSE
886,hardest,TRUE,TRUE
887,hardest,TRUE,FALSE
888,hardest,TRUE,TRUE
889,hardest,TRUE,FALSE
890,hardest,TRUE,FALSE
891,hardest,TRUE,TRUE
892,hardest,TRUE,TRUE
893,hardest,TRUE,TRUE
894,hardest,TRUE,TRUE
895,hard,FALSE,FALSE
896,hard,FALSE,FALSE
897,hardest,TRUE,FALSE
898,hardest,TRUE,TRUE
899,hard,FALSE,FALSE
900,hardest,TRUE,TRUE
901,hardest,TRUE,TRUE
902,hard,TRUE,FALSE
903,hard,FALSE,FALSE
904,hard,FALSE,FALSE
905,hard,FALSE,FALSE
906,hard,FALSE,FALSE
907,hard,FALSE,FALSE
908,hardest,TRUE,TRUE
909,hardest,TRUE,TRUE
910,hardest,TRUE,TRUE
911,hardest,TRUE,TRUE
912,hardest,TRUE,TRUE
913,hardest,TRUE,TRUE
914,hardest,TRUE,TRUE
915,hardest,TRUE,TRUE
916,hardest,TRUE,TRUE
917,hardest,TRUE,FALSE
918,hard,FALSE,FALSE
919,hardest,TRUE,FALSE
920,hardest,TRUE,TRUE
921,hardest,TRUE,FALSE
922,hardest,TRUE,FALSE
923,hardest,TRUE,FALSE
924,hard,FALSE,FALSE
925,hard,FALSE,FALSE
926,hard,FALSE,FALSE
927,hard,FALSE,FALSE
928,hard,FALSE,FALSE
929,hard,FALSE,FALSE
930,hard,FALSE,FALSE
931,hard,FALSE,FALSE
932,hard,FALSE,FALSE
933,hardest,TRUE,FALSE
934,hardest,TRUE,TRUE
935,hardest,TRUE,FALSE
936,hardest,TRUE,FALSE
937,hard,FALSE,FALSE
938,hard,FALSE,FALSE
939,hard,FALSE,FALSE
940,hard,FALSE,FALSE
941,hardest,TRUE,FALSE
942,hardest,FALSE,FALSE
943,hardest,TRUE,TRUE
944,hardest,TRUE,TRUE
945,hardest,TRUE,TRUE
946,hard,FALSE,FALSE
947,hardest,TRUE,TRUE
948,hardest,TRUE,TRUE
949,hardest,TRUE,TRUE
950,hardest,TRUE,TRUE
951,hardest,TRUE,FALSE
952,hardest,TRUE,TRUE
953,hard,FALSE,FALSE
954,hardest,TRUE,TRUE
955,hardest,TRUE,TRUE
956,hardest,TRUE,TRUE
957,hardest,TRUE,TRUE
958,hardest,TRUE,TRUE
959,hardest,TRUE,FALSE
960,hardest,TRUE,TRUE
961,hardest,TRUE,FALSE
962,hard,FALSE,TRUE
963,hardest,FALSE,TRUE
964,hardest,TRUE,FALSE
965,hardest,TRUE,FALSE
966,hardest,TRUE,FALSE
967,hardest,TRUE,TRUE
968,hard,FALSE,FALSE
969,hard,FALSE,FALSE
970,hard,FALSE,FALSE
971,hardest,FALSE,FALSE
972,hard,FALSE,FALSE
973,hard,FALSE,FALSE
974,hard,FALSE,FALSE
975,hard,TRUE,FALSE
976,hardest,TRUE,TRUE
977,hardest,TRUE,TRUE
978,hard,TRUE,FALSE
979,hardest,TRUE,FALSE
980,hardest,TRUE,FALSE
981,hardest,TRUE,FALSE
982,hardest,TRUE,FALSE
983,hardest,TRUE,FALSE
984,hardest,TRUE,FALSE
985,hardest,TRUE,FALSE
986,hardest,TRUE,FALSE
987,hardest,TRUE,FALSE
988,hard,TRUE,FALSE
989,hard,TRUE,FALSE
990,hard,TRUE,FALSE
991,hardest,TRUE,FALSE
992,hardest,TRUE,FALSE
993,hard,TRUE,FALSE
994,hardest,TRUE,FALSE
995,hardest,TRUE,FALSE
996,hard,TRUE,FALSE
997,hardest,TRUE,TRUE
998,hardest,TRUE,TRUE
999,hard,FALSE,TRUE
1000,hardest,TRUE,TRUE
1001,hardest,TRUE,TRUE
1002,hard,FALSE,TRUE
1003,hardest,TRUE,FALSE
1004,hardest,FALSE,TRUE
1005,hardest,TRUE,FALSE
1006,hardest,TRUE,TRUE
1007,hardest,FALSE,TRUE
1008,hardest,TRUE,FALSE
1009,hardest,FALSE,TRUE
1010,hard,TRUE,FALSE
1011,hard,FALSE,FALSE
1012,hard,FALSE,FALSE
1013,hard,FALSE,FALSE
1014,hard,FALSE,FALSE
1015,hard,FALSE,FALSE
1016,hard,FALSE,FALSE
1017,hard,FALSE,FALSE
1018,hard,FALSE,FALSE
1019,hard,FALSE,FALSE
1020,hard,FALSE,FALSE
1021,hard,FALSE,FALSE
1022,hardest,TRUE,FALSE
1023,hard,FALSE,FALSE
1024,hard,FALSE,TRUE
1025,hardest,TRUE,TRUE
1026,hard,FALSE,FALSE
1027,hardest,TRUE,FALSE
1028,hardest,TRUE,TRUE
1029,hardest,FALSE,TRUE
1030,hardest,TRUE,TRUE
1031,hard,FALSE,FALSE
1032,hard,FALSE,FALSE
1033,hard,FALSE,FALSE
1034,medium,TRUE,FALSE
1035,easy,FALSE,FALSE
1036,hard,FALSE,FALSE
1037,hard,FALSE,FALSE
1038,hardest,TRUE,FALSE
1039,hardest,TRUE,TRUE
1040,hard,FALSE,FALSE
1041,hard,TRUE,FALSE
1042,hard,TRUE,FALSE
1043,hard,FALSE,FALSE
1044,hard,FALSE,FALSE
1045,hard,FALSE,FALSE
1046,hard,FALSE,FALSE
1047,hard,FALSE,FALSE
1048,hard,FALSE,FALSE
1049,hardest,TRUE,TRUE
1050,hard,TRUE,TRUE
1051,hardest,TRUE,TRUE
1052,hard,TRUE,TRUE
1053,hard,TRUE,TRUE
1054,hard,TRUE,TRUE
1055,hard,FALSE,TRUE
1056,hardest,FALSE,TRUE
1057,hard,FALSE,TRUE
1058,hard,TRUE,TRUE
1059,hardest,TRUE,TRUE
1060,hardest,TRUE,TRUE
1061,hardest,TRUE,TRUE
1062,hard,TRUE,TRUE
1063,hardest,TRUE,TRUE
1064,hardest,TRUE,TRUE
1065,hard,FALSE,TRUE
1066,hard,TRUE,TRUE
1067,hard,FALSE,TRUE
1068,hardest,TRUE,TRUE
1069,hard,FALSE,TRUE
1070,hardest,TRUE,FALSE
1071,hard,FALSE,FALSE
1072,hardest,FALSE,FALSE
1073,hard,FALSE,FALSE
1074,hardest,TRUE,TRUE
1075,hardest,TRUE,FALSE
1076,hard,TRUE,FALSE
1077,hardest,TRUE,FALSE
1078,hard,FALSE,FALSE
1079,hardest,TRUE,TRUE
1080,hard,FALSE,FALSE
1081,hard,FALSE,FALSE
1082,hard,FALSE,FALSE
1083,hard,FALSE,FALSE
1084,hard,FALSE,FALSE
1085,hard,FALSE,FALSE
1086,hardest,TRUE,FALSE
1087,hard,FALSE,FALSE
1088,hard,TRUE,TRUE
1089,hard,FALSE,FALSE
1090,hard,FALSE,FALSE
1091,hardest,TRUE,FALSE
1092,hard,FALSE,FALSE
1093,hard,TRUE,FALSE
1094,hardest,TRUE,FALSE
1095,hard,TRUE,FALSE
1096,hard,TRUE,FALSE
1097,hardest,TRUE,FALSE
1098,hardest,TRUE,FALSE
1099,hardest,TRUE,FALSE
1100,hardest,TRUE,FALSE
1101,hard,TRUE,FALSE
1102,hardest,TRUE,FALSE
1103,hard,FALSE,TRUE
1104,hardest,FALSE,TRUE
1105,hardest,FALSE,TRUE
1106,hardest,FALSE,TRUE
1107,hardest,FALSE,TRUE
1108,hardest,TRUE,TRUE
1109,hardest,TRUE,TRUE
1110,hard,TRUE,TRUE
1111,hardest,TRUE,TRUE
1112,hard,TRUE,FALSE
1113,hardest,TRUE,FALSE
1114,hardest,TRUE,TRUE
1115,hard,TRUE,FALSE
1116,hardest,TRUE,TRUE
1117,hardest,TRUE,TRUE
1118,hardest,TRUE,TRUE
1119,hard,TRUE,FALSE
1120,hardest,TRUE,FALSE
1121,hard,TRUE,FALSE
1122,hard,TRUE,FALSE
1123,hard,FALSE,FALSE
1124,hardest,TRUE,TRUE
1125,hardest,TRUE,TRUE
1126,hard,FALSE,FALSE
1127,hard,FALSE,FALSE
1128,hard,FALSE,FALSE
1129,hard,FALSE,FALSE
1130,hard,FALSE,FALSE
1131,hard,FALSE,FALSE
1132,hard,FALSE,FALSE
1133,hard,FALSE,FALSE
1134,hard,FALSE,FALSE
1135,hard,FALSE,FALSE
1136,hard,TRUE,FALSE
1137,hard,TRUE,FALSE
1138,hard,FALSE,FALSE
1139,hard,TRUE,FALSE
1140,hard,TRUE,FALSE
1141,hard,FALSE,FALSE
1142,hard,FALSE,FALSE
1143,hard,FALSE,FALSE
1144,medium,FALSE,FALSE
1145,medium,FALSE,FALSE
1146,hard,TRUE,FALSE
1147,medium,FALSE,FALSE
1148,easy,FALSE,FALSE
1149,hardest,TRUE,FALSE
1150,medium,FALSE,FALSE
1151,easy,FALSE,FALSE
1152,easy,FALSE,FALSE
1153,hard,FALSE,FALSE
1154,medium,FALSE,FALSE
1155,easy,FALSE,FALSE
1156,medium,FALSE,FALSE
1157,medium,FALSE,FALSE
1158,medium,FALSE,FALSE
1159,medium,FALSE,FALSE
1160,medium,FALSE,FALSE
1161,medium,FALSE,FALSE
1162,medium,FALSE,FALSE
1163,hard,FALSE,FALSE
1164,hard,FALSE,FALSE
1165,hardest,FALSE,TRUE
1166,hard,TRUE,FALSE
1167,hard,TRUE,FALSE
1168,hard,TRUE,FALSE
1169,hard,TRUE,FALSE
1170,easy,FALSE,FALSE
1171,medium,FALSE,TRUE
1172,easy,TRUE,FALSE
1173,hardest,TRUE,TRUE
1174,hardest,FALSE,FALSE
1175,hard,FALSE,FALSE
1176,hardest,FALSE,TRUE
1177,hard,FALSE,FALSE
1178,hardest,FALSE,TRUE
1179,hard,TRUE,FALSE
1180,medium,FALSE,FALSE
1181,hardest,TRUE,TRUE
1182,hardest,TRUE,TRUE
1183,hard,FALSE,FALSE
1184,hardest,TRUE,FALSE
1185,hardest,TRUE,FALSE
1186,hard,FALSE,FALSE
1187,hard,FALSE,FALSE
1188,hard,FALSE,FALSE
1189,hard,FALSE,FALSE
1190,hard,FALSE,FALSE
1191,hard,FALSE,FALSE
1192,hard,FALSE,FALSE
1193,hard,FALSE,FALSE
1194,medium,FALSE,FALSE
1195,hard,FALSE,FALSE
1196,hard,FALSE,FALSE
1197,hard,FALSE,FALSE
1198,hardest,TRUE,FALSE
1199,hardest,TRUE,TRUE
1200,hardest,TRUE,TRUE
1201,hardest,TRUE,TRUE
1202,hardest,TRUE,FALSE
1203,hardest,TRUE,FALSE
1204,hardest,TRUE,TRUE
1205,medium,TRUE,FALSE
1206,hardest,FALSE,TRUE
1207,hardest,TRUE,TRUE
1208,hardest,FALSE,TRUE
1209,hardest,TRUE,TRUE
1210,hardest,TRUE,TRUE
1211,hardest,TRUE,TRUE
1212,hardest,TRUE,TRUE
1213,hard,TRUE,FALSE
1214,hardest,TRUE,TRUE
1215,easy,FALSE,FALSE
1216,medium,FALSE,FALSE
1217,easy,TRUE,FALSE
1218,hardest,TRUE,TRUE
1219,hardest,TRUE,FALSE
1220,hard,TRUE,FALSE
1221,hardest,TRUE,FALSE
1222,hard,TRUE,FALSE
1223,hard,FALSE,FALSE
1224,hard,FALSE,FALSE
1225,hard,FALSE,FALSE
1226,hard,FALSE,FALSE
1227,hard,FALSE,FALSE
1228,hard,FALSE,FALSE
1229,hardest,TRUE,FALSE
1230,hard,FALSE,FALSE
1231,hard,FALSE,FALSE
1232,hard,FALSE,FALSE
1233,hardest,TRUE,FALSE
1234,hardest,TRUE,FALSE
1235,hardest,TRUE,TRUE
1236,hardest,TRUE,FALSE
1237,hard,FALSE,FALSE
1238,hard,FALSE,FALSE
1239,hard,FALSE,FALSE
1240,medium,FALSE,TRUE
1241,medium,FALSE,FALSE
1242,medium,FALSE,FALSE
1243,medium,FALSE,FALSE
1244,medium,FALSE,FALSE
1245,medium,FALSE,TRUE
1246,hard,FALSE,TRUE
1247,hard,FALSE,TRUE
1248,hard,FALSE,TRUE
1249,hard,FALSE,TRUE
1250,hard,FALSE,TRUE
1251,hard,FALSE,TRUE
1252,hard,FALSE,TRUE
1253,hard,FALSE,TRUE
1254,hard,FALSE,TRUE
1255,hard,FALSE,TRUE
1256,hard,FALSE,TRUE
1257,hard,FALSE,TRUE
1258,hard,FALSE,TRUE
1259,hard,FALSE,TRUE
1260,hard,FALSE,TRUE
1261,hard,FALSE,TRUE
1262,hard,FALSE,TRUE
1263,hard,FALSE,TRUE
1264,hard,FALSE,TRUE
1265,hardest,TRUE,TRUE
1266,hard,FALSE,TRUE
1267,hard,FALSE,TRUE
1268,hard,FALSE,TRUE
1269,hard,FALSE,TRUE
1270,hardest,FALSE,TRUE
1271,hardest,TRUE,FALSE
1272,hard,FALSE,FALSE
1273,hard,FALSE,FALSE
1274,hard,FALSE,FALSE
1275,hardest,FALSE,TRUE
1276,hardest,TRUE,TRUE
1277,hard,FALSE,TRUE
1278,medium,FALSE,TRUE
1279,hardest,TRUE,FALSE
1280,hard,FALSE,FALSE
1281,hard,FALSE,FALSE
1282,hardest,FALSE,TRUE
1283,hard,FALSE,FALSE
1284,hard,FALSE,FALSE
1285,hardest,TRUE,TRUE
1286,hardest,TRUE,FALSE
1287,hardest,TRUE,FALSE
1288,hardest,TRUE,FALSE
1289,hardest,TRUE,FALSE
1290,hardest,TRUE,FALSE
1291,hardest,TRUE,FALSE
1292,hardest,TRUE,FALSE
1293,hard,FALSE,FALSE
1294,hardest,TRUE,FALSE
1295,hardest,FALSE,TRUE
1296,hard,FALSE,FALSE
1297,hardest,TRUE,FALSE
1298,hard,FALSE,FALSE
1299,hard,FALSE,FALSE
1300,hard,FALSE,FALSE
1301,hard,FALSE,TRUE
1302,medium,FALSE,FALSE
1303,hardest,FALSE,TRUE
1304,hard,FALSE,FALSE
1305,hard,FALSE,FALSE
1306,medium,FALSE,FALSE
1307,hardest,FALSE,TRUE
1308,hard,FALSE,TRUE
1309,hard,FALSE,TRUE
1310,hard,FALSE,FALSE
1311,hardest,FALSE,TRUE
1312,hard,FALSE,FALSE
1313,hard,FALSE,FALSE
1314,hardest,TRUE,TRUE
1315,hardest,FALSE,TRUE
1316,hard,FALSE,TRUE
1317,hardest,FALSE,TRUE
1318,hardest,FALSE,TRUE
1319,hardest,FALSE,TRUE
1320,hardest,FALSE,TRUE
1321,hardest,FALSE,TRUE
1322,hardest,FALSE,TRUE
1323,hardest,FALSE,TRUE
1324,hardest,FALSE,TRUE
1325,hardest,FALSE,TRUE
1326,hardest,FALSE,TRUE
1327,hardest,FALSE,TRUE
1328,hardest,FALSE,TRUE
1329,hardest,FALSE,TRUE
1330,hardest,FALSE,TRUE
1331,hardest,FALSE,TRUE
1332,hardest,FALSE,TRUE
1333,hardest,FALSE,TRUE
1334,hardest,FALSE,TRUE
1335,hardest,FALSE,TRUE
1336,hardest,FALSE,TRUE
1337,hardest,FALSE,TRUE
1338,hardest,FALSE,TRUE
1339,hardest,FALSE,TRUE
1340,hardest,FALSE,TRUE
1341,hardest,FALSE,TRUE
1342,hardest,FALSE,TRUE
1343,hardest,FALSE,TRUE
1344,hardest,FALSE,TRUE
1345,hardest,FALSE,TRUE
1346,easy,FALSE,FALSE
1347,hard,TRUE,TRUE
1348,hard,TRUE,FALSE
1349,hardest,FALSE,TRUE
1350,hardest,FALSE,TRUE
1351,hard,FALSE,TRUE
1352,hard,FALSE,FALSE
1353,hardest,TRUE,TRUE
1354,hardest,TRUE,TRUE
1355,hardest,FALSE,TRUE
1356,hardest,FALSE,TRUE
1357,hardest,TRUE,TRUE
1358,hardest,TRUE,TRUE
1359,easy,FALSE,FALSE
1360,medium,FALSE,FALSE
1361,hard,TRUE,FALSE
1362,hard,FALSE,FALSE
1363,hard,FALSE,FALSE
1364,hard,FALSE,FALSE
1365,hard,FALSE,FALSE
1366,medium,FALSE,FALSE
1367,hard,FALSE,TRUE
1368,hard,FALSE,TRUE
1369,medium,FALSE,FALSE
1370,hard,FALSE,FALSE
1371,medium,FALSE,FALSE
1372,medium,FALSE,FALSE
1373,medium,FALSE,FALSE
1374,hard,FALSE,FALSE
1375,medium,FALSE,FALSE
1376,hard,FALSE,FALSE
1377,medium,FALSE,FALSE
1378,medium,FALSE,FALSE
1379,medium,FALSE,FALSE
1380,hard,TRUE,FALSE
1381,easy,FALSE,FALSE
1382,easy,FALSE,FALSE
1383,hard,TRUE,FALSE
1384,medium,FALSE,FALSE
1385,easy,FALSE,FALSE
1386,easy,FALSE,FALSE
1387,easy,FALSE,FALSE
1388,easy,FALSE,FALSE
1389,easy,FALSE,FALSE
1390,hardest,TRUE,TRUE
1391,hard,FALSE,TRUE
1392,medium,TRUE,FALSE
1393,hard,FALSE,FALSE
1394,hard,FALSE,FALSE
1395,hard,FALSE,FALSE
1396,medium,FALSE,FALSE
1397,hardest,TRUE,TRUE
1398,hardest,FALSE,TRUE
1399,medium,FALSE,FALSE
1400,hardest,TRUE,TRUE
1401,hardest,FALSE,TRUE
1402,medium,FALSE,FALSE
1403,medium,FALSE,FALSE
1404,medium,FALSE,FALSE
1405,hard,FALSE,FALSE
1406,hard,FALSE,FALSE
1407,easy,FALSE,FALSE
1408,hardest,TRUE,TRUE
1409,hardest,TRUE,TRUE
1410,hardest,TRUE,FALSE
1411,hard,FALSE,FALSE
1412,hardest,TRUE,TRUE
1413,hardest,TRUE,TRUE
1414,hardest,TRUE,TRUE
1415,hardest,TRUE,TRUE
1416,hard,TRUE,FALSE
1417,medium,FALSE,FALSE
1418,medium,TRUE,FALSE
1419,medium,TRUE,FALSE
1420,medium,TRUE,FALSE
1421,medium,TRUE,FALSE
1422,hard,TRUE,TRUE
1423,hardest,TRUE,TRUE
1424,hard,TRUE,TRUE
1425,hardest,TRUE,TRUE
1426,hardest,TRUE,TRUE
1427,hardest,TRUE,FALSE
1428,hardest,TRUE,FALSE
1429,hard,TRUE,FALSE
1430,hard,TRUE,FALSE
1431,hard,TRUE,FALSE
1432,hard,TRUE,TRUE
1433,hardest,TRUE,TRUE
1434,hardest,TRUE,TRUE
1435,hardest,TRUE,FALSE
1436,hardest,TRUE,FALSE
1437,hard,TRUE,FALSE
1438,hard,TRUE,FALSE
1439,hard,TRUE,FALSE
1440,hard,TRUE,TRUE
1441,hardest,TRUE,TRUE
1442,hard,TRUE,TRUE
1443,hardest,TRUE,TRUE
1444,medium,FALSE,FALSE
1445,hardest,TRUE,TRUE
1446,hardest,TRUE,TRUE
1447,hard,TRUE,FALSE
1448,hard,TRUE,FALSE
1449,hard,TRUE,FALSE
1450,hard,TRUE,FALSE
1451,hard,TRUE,FALSE
1452,hard,TRUE,FALSE
1453,hard,TRUE,FALSE
1454,hard,TRUE,FALSE
1455,easy,FALSE,FALSE
1456,medium,FALSE,FALSE
1457,hard,FALSE,FALSE
1458,hard,FALSE,FALSE
1459,hardest,FALSE,TRUE
1460,hard,FALSE,TRUE
1461,medium,FALSE,FALSE
1462,medium,FALSE,FALSE
1463,hard,FALSE,TRUE
1464,hard,FALSE,FALSE
1465,hardest,FALSE,FALSE
1466,hardest,FALSE,FALSE
1467,hardest,FALSE,FALSE
1468,hardest,FALSE,TRUE
1469,hardest,TRUE,TRUE
1470,hardest,TRUE,TRUE
1471,hard,TRUE,FALSE
1472,hard,TRUE,FALSE
1473,hard,TRUE,FALSE
1474,hard,TRUE,FALSE
1475,hard,TRUE,FALSE
1476,hard,TRUE,FALSE
1477,hard,TRUE,FALSE
1478,hard,TRUE,FALSE
1479,hard,TRUE,FALSE
1480,hard,TRUE,FALSE
1481,hard,TRUE,FALSE
1482,hard,TRUE,FALSE
1483,hard,TRUE,FALSE
1484,hard,TRUE,FALSE
1485,hard,FALSE,TRUE
1486,hardest,FALSE,TRUE
1487,hardest,FALSE,TRUE
1488,hardest,FALSE,TRUE
1489,hardest,FALSE,TRUE
1490,hardest,FALSE,TRUE
1491,hardest,FALSE,TRUE
1492,hard,FALSE,TRUE
1493,medium,FALSE,FALSE
1494,medium,FALSE,FALSE
1495,medium,FALSE,FALSE
1496,hard,FALSE,TRUE
1497,medium,FALSE,FALSE
1498,hard,FALSE,TRUE
1499,medium,FALSE,FALSE
1500,medium,FALSE,FALSE
1501,easy,FALSE,FALSE
1502,medium,FALSE,FALSE
1503,medium,FALSE,FALSE
1504,hard,FALSE,FALSE
1505,medium,FALSE,FALSE
1506,medium,FALSE,TRUE
1507,medium,FALSE,FALSE
1508,medium,TRUE,FALSE
1509,medium,TRUE,FALSE
1510,hard,TRUE,FALSE
1511,hard,TRUE,FALSE
1512,hard,TRUE,FALSE
1513,hard,TRUE,FALSE
1514,hard,TRUE,FALSE
1515,hard,TRUE,FALSE
1516,hard,TRUE,FALSE
1517,hardest,TRUE,TRUE
1518,hardest,TRUE,TRUE
1519,hardest,TRUE,FALSE
1520,hardest,FALSE,FALSE
1521,hardest,FALSE,FALSE
1522,hardest,TRUE,FALSE
1523,hardest,FALSE,FALSE
1524,hardest,FALSE,FALSE
1525,hardest,TRUE,TRUE
1526,hard,TRUE,FALSE
1527,medium,FALSE,FALSE
1528,medium,FALSE,FALSE
1529,hardest,TRUE,TRUE
1530,hardest,FALSE,TRUE
1531,hard,TRUE,FALSE
1532,hard,TRUE,FALSE
1533,hard,TRUE,FALSE
1534,hardest,TRUE,TRUE
1535,hard,TRUE,FALSE
1536,hardest,TRUE,TRUE
1537,hard,FALSE,FALSE
1538,hard,TRUE,FALSE
1539,hard,TRUE,FALSE
1540,hard,TRUE,FALSE
1541,hardest,TRUE,TRUE
1542,hardest,TRUE,TRUE
1543,hardest,TRUE,TRUE
1544,hardest,TRUE,TRUE
1545,hardest,FALSE,TRUE
1546,medium,FALSE,FALSE
1547,hardest,TRUE,TRUE
1548,hard,TRUE,FALSE
1549,hardest,TRUE,TRUE
1550,hardest,TRUE,FALSE
1551,hardest,TRUE,TRUE
1552,hardest,TRUE,TRUE
1553,hard,TRUE,TRUE
1554,hard,TRUE,TRUE
1555,hard,TRUE,TRUE
1556,easy,FALSE,FALSE
1557,medium,FALSE,FALSE
1558,medium,FALSE,FALSE
1559,hard,FALSE,FALSE
1560,medium,FALSE,FALSE
1561,hardest,TRUE,TRUE
1562,hard,TRUE,FALSE
1563,easy,FALSE,FALSE
1564,hard,FALSE,FALSE
1565,easy,FALSE,FALSE
1566,hard,FALSE,FALSE
1567,easy,FALSE,FALSE
1568,hard,FALSE,FALSE
1569,easy,FALSE,FALSE
1570,easy,FALSE,FALSE
1571,hard,FALSE,FALSE
1572,easy,FALSE,FALSE
1573,hard,FALSE,FALSE
1574,easy,FALSE,FALSE
1575,hard,FALSE,FALSE
1576,easy,FALSE,FALSE
1577,easy,FALSE,FALSE
1578,easy,FALSE,FALSE
1579,medium,FALSE,FALSE
1580,medium,FALSE,FALSE
1581,medium,FALSE,FALSE
1582,hard,FALSE,FALSE
1583,easy,FALSE,FALSE
1584,easy,FALSE,FALSE
1585,medium,FALSE,FALSE
1586,hard,FALSE,FALSE
1587,medium,FALSE,FALSE
1588,hard,FALSE,FALSE
1589,hard,FALSE,FALSE
1590,hard,FALSE,FALSE
1591,hard,FALSE,FALSE
1592,hard,FALSE,FALSE
1593,hard,FALSE,FALSE
1594,hard,FALSE,FALSE
1595,hard,FALSE,FALSE
1596,hard,FALSE,FALSE
1597,hard,FALSE,FALSE
1598,medium,FALSE,FALSE
1599,hard,FALSE,FALSE
1600,hard,FALSE,FALSE
1601,hard,FALSE,FALSE
1602,hard,FALSE,FALSE
1603,hard,FALSE,FALSE
1604,hard,FALSE,FALSE
1605,hard,FALSE,FALSE
1606,hard,FALSE,FALSE
1607,hard,FALSE,FALSE
1608,easy,TRUE,FALSE
1609,hard,TRUE,FALSE
1610,medium,TRUE,FALSE
1611,medium,TRUE,FALSE
1612,medium,TRUE,FALSE
1613,medium,TRUE,FALSE
1614,medium,TRUE,FALSE
1615,medium,TRUE,FALSE
1616,medium,TRUE,FALSE
1617,medium,TRUE,FALSE
1618,medium,TRUE,FALSE
1619,medium,TRUE,FALSE
1620,hard,TRUE,TRUE
1621,hard,TRUE,TRUE
1622,hard,TRUE,TRUE
1623,hard,TRUE,TRUE
1624,hard,TRUE,TRUE
1625,hard,TRUE,TRUE
1626,hard,TRUE,FALSE
1627,medium,FALSE,FALSE
1628,easy,FALSE,FALSE
1629,hardest,FALSE,TRUE
1630,hardest,FALSE,TRUE
1631,medium,FALSE,FALSE
1632,hardest,FALSE,TRUE
1633,easy,FALSE,FALSE
1634,hardest,FALSE,TRUE
1635,easy,FALSE,FALSE
1636,easy,FALSE,FALSE
1637,easy,FALSE,FALSE
1638,easy,FALSE,FALSE
1639,easy,FALSE,FALSE
1640,easy,FALSE,FALSE
1641,medium,FALSE,FALSE
1642,easy,FALSE,FALSE
1643,medium,FALSE,FALSE
1644,medium,FALSE,FALSE
1645,medium,FALSE,FALSE
1646,medium,FALSE,FALSE
1647,medium,FALSE,FALSE
1648,medium,FALSE,FALSE
1649,medium,FALSE,TRUE
1650,easy,FALSE,FALSE
1651,medium,FALSE,TRUE
1652,easy,FALSE,FALSE
1653,easy,FALSE,FALSE
1654,medium,FALSE,FALSE
1655,medium,FALSE,FALSE
1656,medium,FALSE,FALSE
1657,medium,FALSE,FALSE
1658,medium,FALSE,FALSE
1659,medium,FALSE,FALSE
1660,medium,FALSE,FALSE
1661,easy,FALSE,FALSE
1662,hard,FALSE,FALSE
1663,easy,FALSE,FALSE
1664,medium,FALSE,FALSE
1665,medium,FALSE,FALSE
1666,hard,FALSE,TRUE
1667,hardest,FALSE,TRUE
1668,hard,FALSE,FALSE
1669,hard,FALSE,FALSE
1670,hard,FALSE,FALSE
1671,hard,FALSE,FALSE
1672,hard,FALSE,FALSE
1673,hard,FALSE,FALSE
1674,hard,FALSE,FALSE
1675,hard,FALSE,FALSE
1676,hard,FALSE,FALSE
1677,hard,FALSE,FALSE
1678,hard,FALSE,FALSE
1679,medium,FALSE,FALSE
1680,hard,FALSE,FALSE
1681,medium,FALSE,FALSE
1682,medium,FALSE,FALSE
1683,hard,FALSE,TRUE
1684,hardest,FALSE,FALSE
1685,medium,FALSE,FALSE
1686,hardest,FALSE,FALSE
1687,hard,FALSE,FALSE
1688,hard,FALSE,FALSE
1689,easy,FALSE,FALSE
1690,medium,FALSE,FALSE
1691,hard,FALSE,FALSE
1692,easy,FALSE,FALSE
1693,easy,FALSE,FALSE
1694,hard,TRUE,FALSE
1695,hard,FALSE,FALSE
1696,hard,FALSE,FALSE
1697,hard,FALSE,TRUE
1698,hard,TRUE,TRUE
1699,hardest,FALSE,TRUE
1700,hard,FALSE,TRUE
1701,hard,FALSE,TRUE
1702,hardest,FALSE,FALSE
1703,medium,FALSE,FALSE
1704,hardest,FALSE,TRUE
1705,hard,FALSE,FALSE
1706,hardest,FALSE,FALSE
1707,easy,FALSE,FALSE
1708,medium,FALSE,TRUE
1709,medium,FALSE,TRUE
1710,hard,FALSE,FALSE
1711,hard,TRUE,FALSE
1712,hard,TRUE,FALSE
1713,hard,TRUE,FALSE
1714,hard,FALSE,FALSE
1715,hard,TRUE,FALSE
1716,hard,TRUE,FALSE
1717,hard,TRUE,FALSE
1718,hard,TRUE,FALSE
1719,medium,TRUE,FALSE
1720,hard,FALSE,FALSE
1721,hardest,FALSE,FALSE
1722,hard,FALSE,FALSE
1723,hard,FALSE,FALSE
1724,hard,FALSE,FALSE
1725,hard,FALSE,FALSE
1726,hard,FALSE,FALSE
1727,hard,FALSE,FALSE
1728,hard,FALSE,FALSE
1729,hard,FALSE,FALSE
1730,medium,FALSE,FALSE
1731,medium,FALSE,FALSE
1732,medium,FALSE,FALSE
1733,medium,FALSE,FALSE
1734,hard,FALSE,FALSE
1735,hard,FALSE,FALSE
1736,hard,TRUE,FALSE
1737,hard,FALSE,FALSE
1738,medium,FALSE,FALSE
1739,medium,FALSE,FALSE
1740,medium,FALSE,FALSE
1741,medium,FALSE,FALSE
1742,medium,FALSE,FALSE
1743,medium,FALSE,FALSE
1744,medium,FALSE,FALSE
1745,medium,FALSE,FALSE
1746,medium,FALSE,FALSE
1747,medium,FALSE,FALSE
1748,medium,FALSE,FALSE
1749,medium,FALSE,FALSE
1750,medium,FALSE,FALSE
1751,hard,FALSE,FALSE
1752,medium,FALSE,FALSE
1753,easy,FALSE,FALSE
1754,medium,FALSE,FALSE
1755,hard,FALSE,FALSE
1756,easy,FALSE,FALSE
1757,easy,FALSE,FALSE
1758,medium,FALSE,FALSE
1759,easy,FALSE,FALSE
1760,easy,FALSE,FALSE
1761,medium,FALSE,FALSE
1762,medium,FALSE,FALSE
1763,medium,FALSE,FALSE
1764,medium,FALSE,FALSE
1765,medium,FALSE,FALSE
1766,medium,FALSE,FALSE
1767,medium,FALSE,FALSE
1768,medium,FALSE,FALSE
1769,medium,FALSE,FALSE
1770,medium,FALSE,FALSE
1771,medium,FALSE,FALSE
1772,medium,FALSE,FALSE
1773,medium,FALSE,FALSE
1774,medium,FALSE,FALSE
1775,medium,FALSE,FALSE
1776,hardest,FALSE,TRUE
1777,hard,FALSE,FALSE
1778,hard,FALSE,FALSE
1779,medium,FALSE,FALSE
1780,hard,FALSE,TRUE
1781,hard,FALSE,FALSE
1782,hard,FALSE,FALSE
1783,hard,FALSE,FALSE
1784,medium,FALSE,FALSE
1785,hardest,FALSE,TRUE
1786,hard,TRUE,TRUE
1787,hard,TRUE,TRUE
1788,hard,TRUE,TRUE
1789,hard,FALSE,FALSE
1790,hardest,FALSE,TRUE
1791,hardest,FALSE,TRUE
1792,hardest,FALSE,FALSE
1793,hardest,FALSE,FALSE
1794,hardest,FALSE,FALSE
1795,hardest,FALSE,FALSE
1796,hardest,FALSE,FALSE
1797,hardest,TRUE,FALSE
1798,hardest,TRUE,FALSE
1799,hardest,TRUE,TRUE
1800,hardest,TRUE,FALSE
1801,hardest,TRUE,FALSE
1802,hardest,TRUE,TRUE
1803,hardest,TRUE,FALSE
1804,hardest,TRUE,FALSE
1805,hardest,TRUE,TRUE
1806,hardest,TRUE,FALSE
1807,hardest,TRUE,FALSE
1808,hardest,TRUE,FALSE
1809,hardest,TRUE,FALSE
1810,hardest,TRUE,FALSE
1811,hardest,TRUE,FALSE
1812,hardest,TRUE,TRUE
1813,hardest,TRUE,FALSE
1814,hardest,TRUE,FALSE
1815,hardest,TRUE,TRUE
1816,hardest,TRUE,TRUE
1817,hardest,TRUE,TRUE
1818,hardest,FALSE,TRUE
1819,hardest,TRUE,FALSE
1820,hardest,TRUE,FALSE
1821,hard,FALSE,FALSE
1822,hardest,FALSE,TRUE
1823,hardest,FALSE,TRUE
1824,hardest,TRUE,FALSE
1825,hardest,FALSE,TRUE
1826,hardest,FALSE,TRUE
1827,hardest,TRUE,FALSE
1828,hardest,TRUE,FALSE
1829,easy,FALSE,FALSE
1830,hard,TRUE,FALSE
1831,medium,FALSE,FALSE
1832,hardest,TRUE,FALSE
1833,hardest,TRUE,FALSE
1834,hardest,TRUE,FALSE
1835,hardest,TRUE,FALSE
1836,hardest,TRUE,TRUE
1837,hard,TRUE,FALSE
1838,hard,TRUE,FALSE
1839,hardest,TRUE,TRUE
1840,hardest,TRUE,FALSE
1841,hard,TRUE,TRUE
1842,hardest,TRUE,TRUE
1843,hard,TRUE,FALSE
1844,hardest,TRUE,TRUE
1845,hardest,TRUE,TRUE
1846,hard,TRUE,FALSE
1847,hardest,FALSE,TRUE
1848,hardest,FALSE,TRUE
1849,hardest,FALSE,TRUE
1850,hardest,FALSE,TRUE
1851,hardest,FALSE,TRUE
1852,hardest,FALSE,TRUE
1853,hardest,FALSE,TRUE
1854,hardest,FALSE,TRUE
1855,hardest,FALSE,TRUE
1856,hardest,TRUE,FALSE
1857,hardest,TRUE,FALSE
1858,hardest,TRUE,FALSE
1859,hardest,TRUE,FALSE
1860,hardest,TRUE,FALSE
1861,hardest,TRUE,TRUE
1862,hardest,TRUE,TRUE
1863,hardest,TRUE,TRUE
1864,hardest,TRUE,TRUE
1865,hardest,TRUE,TRUE
1866,hardest,TRUE,TRUE
1867,hardest,TRUE,TRUE
1868,hardest,TRUE,TRUE
1869,hardest,FALSE,TRUE
1870,hardest,FALSE,TRUE
1871,hard,TRUE,FALSE
1872,hardest,TRUE,TRUE
1873,hardest,TRUE,TRUE
1874,medium,FALSE,FALSE
1875,hard,TRUE,FALSE
1876,hardest,TRUE,TRUE
1877,hardest,TRUE,TRUE
1878,hardest,TRUE,TRUE
1879,hardest,TRUE,TRUE
1880,hardest,TRUE,TRUE
1881,hardest,TRUE,TRUE
1882,hardest,TRUE,TRUE
1883,hard,FALSE,FALSE
1884,hardest,FALSE,FALSE
1885,hardest,TRUE,FALSE
1886,hardest,FALSE,FALSE
1887,hardest,TRUE,TRUE
1888,hardest,TRUE,TRUE
1889,hardest,TRUE,TRUE
1890,hardest,TRUE,TRUE
1891,hardest,TRUE,FALSE
1892,hardest,TRUE,FALSE
1893,hardest,TRUE,TRUE
1894,hardest,TRUE,FALSE
1895,hard,FALSE,TRUE
1896,hard,TRUE,FALSE
1897,hardest,TRUE,TRUE
1898,hard,TRUE,FALSE
1899,hardest,TRUE,TRUE
1900,hardest,TRUE,TRUE
1901,hardest,TRUE,TRUE
1902,hardest,TRUE,TRUE
1903,hardest,TRUE,TRUE
1904,hardest,TRUE,TRUE
1905,hardest,TRUE,TRUE
1906,hardest,TRUE,TRUE
1907,hardest,TRUE,TRUE
1908,hardest,TRUE,TRUE
1909,hardest,TRUE,TRUE
1910,hardest,TRUE,TRUE
1911,hardest,TRUE,TRUE
1912,hardest,TRUE,TRUE
1913,hardest,TRUE,TRUE
1914,hardest,TRUE,TRUE
1915,hardest,TRUE,TRUE
1916,hardest,TRUE,TRUE
1917,hard,FALSE,FALSE
1918,hardest,TRUE,TRUE
1919,hardest,TRUE,TRUE
1920,hardest,TRUE,TRUE
1921,hardest,FALSE,FALSE
1922,hardest,TRUE,FALSE
1923,hardest,TRUE,FALSE
1924,hardest,TRUE,FALSE
1925,hardest,TRUE,FALSE
1926,hardest,FALSE,FALSE
1927,hardest,FALSE,TRUE
1928,hardest,FALSE,TRUE
1929,hardest,TRUE,TRUE
1930,hardest,FALSE,TRUE
1931,hardest,FALSE,TRUE
1932,hard,TRUE,FALSE
1933,hardest,TRUE,FALSE
1934,hardest,TRUE,FALSE
1935,hardest,TRUE,FALSE
1936,hardest,TRUE,TRUE
1937,hardest,TRUE,TRUE
1938,hardest,TRUE,TRUE
1939,hard,TRUE,FALSE
1940,hard,TRUE,FALSE
1941,hardest,TRUE,FALSE
1942,hardest,TRUE,FALSE
1943,hardest,TRUE,TRUE
1944,hardest,TRUE,FALSE
1945,hard,FALSE,TRUE
1946,hard,TRUE,TRUE
1947,hardest,TRUE,TRUE
1948,hardest,TRUE,TRUE
1949,hard,TRUE,FALSE
1950,hardest,FALSE,FALSE
1951,medium,FALSE,FALSE
1952,medium,TRUE,FALSE
1953,hardest,TRUE,TRUE
1954,hardest,TRUE,TRUE
1955,hardest,TRUE,TRUE
1956,hardest,TRUE,TRUE
1957,hardest,TRUE,TRUE
1958,hardest,TRUE,TRUE
1959,hardest,TRUE,TRUE
1960,hardest,TRUE,TRUE
1961,hardest,TRUE,TRUE
1962,hardest,TRUE,TRUE
1963,hardest,TRUE,TRUE
1964,hardest,TRUE,TRUE
1965,hardest,TRUE,TRUE
1966,hardest,TRUE,TRUE
1967,hardest,TRUE,TRUE
1968,hardest,TRUE,TRUE
1969,hardest,TRUE,TRUE
1970,hardest,TRUE,TRUE
1971,hardest,TRUE,TRUE
1972,easy,FALSE,FALSE
1973,easy,TRUE,FALSE
1974,hard,FALSE,FALSE
1975,medium,TRUE,FALSE
1976,medium,TRUE,FALSE
1977,easy,TRUE,FALSE
1978,medium,FALSE,FALSE
1979,medium,TRUE,FALSE
1980,medium,TRUE,FALSE